{"cameraMode":{"drawMode":0,"name":"Shaded","section":"Shading Mode"},"sceneLighting":true,"audioPlay":false,"sceneViewState":{"showFog":true,"showMaterialUpdate":true,"showSkybox":true,"showFlares":true,"showImageEffects":true,"showParticleSystems":true},"in2DMode":false,"pivot":{"x":-0.022307544946670533,"y":0.20682191848754884,"z":0.051309019327163699},"rotation":{"x":0.03168835490942001,"y":0.9271234273910523,"z":0.08057460933923722,"w":-0.36461830139160159},"size":0.27495452761650088,"orthographic":false}